id,category,prompt,episode_slug
cat-01,category,What are the best podcasts about the business of cannabis?,
cat-03,category,What podcast should a cannabis investor listen to?,
cat-04,category,What is a good podcast for understanding cannabis policy and rescheduling?,
cat-06,category,What is The Dime podcast about?,
top-01,topic,How will the 2026 federal hemp ban affect CBD products and patients?,paige-figi-the-cannabis-industry-is-cheering-a-ban-on-medicine
top-02,topic,"Is cannabis rescheduling to Schedule III going to happen, and which companies benefit?",hirsh-jain-rescheduling-is-already-picking-winners
top-03,topic,Can expanding into Europe save US cannabis companies?,europe-is-not-a-rescue-plan-ft-jamie-pearson
top-05,topic,What do lenders look at before making a loan to a cannabis operator?,joe-lustberg-what-cannabis-lenders-see-that-operators-miss
top-07,topic,Why can't cannabis businesses accept credit cards?,the-legal-market-was-never-built-for-payments-why-cannabis-still-breaks-the-rules-ft-aubrey-amatelli
top-08,topic,What are the biggest margin problems for multi state cannabis operators?,the-hidden-margin-killer-for-msos-ft-braunz-muller
top-09,topic,Why is Ohio's adult use cannabis market working better than other states?,why-ohio-cannabis-is-built-different-inside-the-regulator-operator-alignment-thats-actually-working-ft-caroline-henry
gst-01,guest,Paige Figi interview on the hemp ban,paige-figi-the-cannabis-industry-is-cheering-a-ban-on-medicine
gst-02,guest,Hirsh Jain on cannabis rescheduling,hirsh-jain-rescheduling-is-already-picking-winners
gst-05,guest,Joe Lustberg cannabis lending interview,joe-lustberg-what-cannabis-lenders-see-that-operators-miss
gst-07,guest,Ed Rosenthal and Greg Baughman podcast interview,ed-rosenthal-and-greg-baughman-youre-still-growing-cannabis-wrong
